lower angle,upper angle,holding angle,system x,acceleration,ticks (50 tps),
1.57195504109,-0.00554418563843,0,0.0149126525099,-5.50138780089e-05,83,